Brand,Name,Price
Giorgio Armani,Acqua Di Gio Eau de Toilette Spray for Men by Giorgio Armani,105.45
Azzaro,Chrome Eau de Toilette Spray for Men by Azzaro,67.95
Versace,Eros For Men By Gianni Versace Eau De Toilette Spray,78.45
Calvin Klein,Eternity For Men By Calvin Klein Eau De Toilette Spray,68.45
Burberry,Touch Eau de Toilette Spray for Men by Burberry,63.45
Paco Rabanne,1 Million For Men By Paco Rabanne Eau De Toilette Spray,97.47
Davidoff,Cool Water For Men By Davidoff Eau De Toilette Spray,53.95
Burberry,Brit Eau de Toilette Spray for Men by Burberry,56.9
Giorgio Armani,Armani Code Eau De Toilette Spray for Men by Giorgio Armani,93.45
Dolce and Gabbana,Light Blue For Men By Dolce & Gabbana Eau De Toilette Spray,86.45
Versace,Man Eau Fraiche Eau de Toilette Spray for Men by Versace,84.95
Calvin Klein,Obsession Eau De Toilette Spray for Men by Calvin Klein,67.97
Kenneth Cole,Black Eau de Toilette Spray for Men by Kenneth Cole,57.45
Paco Rabanne,Invictus Eau De Toilette Spray for Men by Paco Rabanne,105.95
Burberry,Burberry Eau de Toilette Spray for Men by Burberry,49.91
Versace,Pour Homme Eau de Toilette Spray for Men by Versace,84.95
Burberry,London Eau de Toilette Spray for Men by Burberry,52.63
Hugo Boss,Hugo Man Green Eau de Toilette Spray for Men by Hugo Boss,56.53
Gucci,Gucci Guilty For Men By Gucci Eau De Toilette Spray,128.95
Issey Miyake,L'Eau D'issey Pour Homme For Men By Issey Miyake Eau De Toilette Spray,76.45
Ralph Lauren,Polo Blue For Men By Ralph Lauren Eau De Toilette Spray,76.45
Dolce and Gabbana,Dolce & Gabbana Pour Homme For Men Eau De Toilette Spray,95.45
Azzaro,Chrome Legend Eau De Toilette Spray for Men by Azzaro,36.47
Hugo Boss,Boss Bottled Eau De Toilette Spray for Men by Hugo Boss,63.98
Lacoste,L.12.12 Blanc Eau de Toilette Spray for Men by Lacoste,61.95
Sean John,Unforgivable For Men By Sean John Eau De Toilette Spray,44.95
Nautica,Nautica Blue Eau De Toilette Spray for Men by Nautica,23.95
Burberry,Weekend Eau de Toilette Spray for Men by Burberry,51.92
Yves Saint Laurent,L'Homme Eau de Toilette Spray for Men by Yves Saint Laurent,106.45
Calvin Klein,Be Eau de Toilette Spray for Men by Calvin Klein,47.95
Ralph Lauren,Polo Black Eau de Toilette Spray for Men by Ralph Lauren,87.3
Dolce and Gabbana,The One Eau de Toilette Spray for Men by Dolce & Gabbana,84.45
Versace,Dylan Blue Eau De Toilette Spray for Men by Gianni Versace,75.95
Kenneth Cole,Kenneth Cole Reaction Eau de Toilette Spray for Men by Kenneth Cole,49.53
Lacoste,Essential Eau de Toilette Spray for Men by Lacoste,57.95
Joop!,Joop! Homme For Men By Joop! Eau De Toilette Spray,42.45
Ralph Lauren,Polo Red For Men By Ralph Lauren Eau De Toilette Spray,86.95
Ralph Lauren,Safari Eau de Toilette Spray for Men by Ralph Lauren,59.45
Tommy Hilfiger,Tommy For Men By Tommy Hilfiger Eau De Toilette Spray,42.97
Guy Laroche,Drakkar Noir Eau de Toilette Spray for Men by Guy Laroche,39.19
Alfred Dunhill,Desire Red Eau de Toilette Spray for Men by Alfred Dunhill,24.97
Yves Saint Laurent,L'Homme La Nuit Eau de Toilette Spray for Men by Yves Saint Laurent,106.45
Christian Dior,Sauvage Eau de Toilette Spray for Men by Christian Dior,130.95
Pierre Cardin,Pierre Cardin Cologne Spray for Men by Pierre Cardin,33.97
Mont Blanc,Legend Eau De Toilette Spray For Men By Mont Blanc,67.95
Versace,The Dreamer Eau de Toilette Spray for Men by Versace,55.45
Givenchy,Pi For Men By Givenchy Eau De Toilette Spray,88.95
Perry Ellis,360° Eau De Toilette Spray for Men by Perry Ellis,27.09
Azzaro,Azzaro Eau De Toilette Spray for Men by Azzaro,53.97
Creed,Aventus Eau de Parfum Spray for Men by Creed,344.95
Nautica,Nautica For Men By Nautica Eau De Toilette Spray,23.95
Clinique,Happy Cologne Spray for Men by Clinique,68.45
Kenneth Cole,KENNETH COLE BLUE BY KENNETH COLE FOR MEN -  Eau De Toilette SPRAY,69.95
Jimmy Choo,Jimmy Choo Man Eau De Toilette Spray for Men By Jimmy Choo,67.97
Christian Dior,Fahrenheit Cologne For Men,129.97
Kenneth Cole,Vintage Black Eau de Toilette Spray for Men by Kenneth Cole,44.97
Yves Saint Laurent,Y Eau De Toilette Spray for Men by Yves Saint Laurent,108.45
Paris Hilton,Paris Hilton Eau de Toilette Spray for Men by Paris Hilton,34.95
Perry Ellis,360° Red Eau de Toilette Spray for Men by Perry Ellis,40.45
Kenneth Cole,Mankind Eau de Toilette Spray for Men by Kenneth Cole,59.95
Vince Camuto,Vince Camuto Eau De Toilette Spray for Men by Vince Camuto,47.47
Tommy Bahama,Set Sail St. Barts Cologne Spray for Men by Tommy Bahama,59.95
Burberry,Mr. Burberry Eau de Toilette Spray for Men by Burberry,71.2
Liz Claiborne,Curve Cologne Spray for Men by Liz Claiborne,37.49
Carolina Herrera,212 VIP Eau De Toilette Spray for Men by Carolina Herrera,98.45
Alfred Sung,Hei For Men By Alfred Sung Eau De Toilette Spray,38.32
Prada,Luna Rossa Eau de Toilette Spray for Men by Prada,104.95
Estee Lauder,Pleasures For Men By Estee Lauder Cologne Spray,71.95
Azzaro,Wanted Eau De Toilette Spray for Men by Azzaro,83.95
Creed,Green Irish Tweed Eau de Parfum Spray for Men by Creed,324.95
Marc Ecko,ECKO BLUE BY MARC ECKO FOR MEN -  Eau De Toilette SPRAY,49.95
Coach,New York Eau de Toilette Spray for Men by Coach,70.45
Hugo Boss,Boss The Scent Eau De Toilette Spray for Men by Hugo Boss,86.95
Geoffrey Beene,Grey Flannel Eau de Toilette Spray for Men by Geoffrey Beene,19.55
Tommy Bahama,Set Sail Martinique For Men By Tommy Bahama Cologne Spray,59.95
Dolce and Gabbana,Intenso Eau de Parfum Spray for Men by D&G,65.45
Paris Hilton,Gold Rush Man For Men By Paris Hilton Eau De Toilette Spray,49.95
Perry Ellis,360° Black Eau de Toilette Spray for Men by Perry Ellis,42.45
Mont Blanc,Mont Blanc Legend Spirit For Men By Mont Blanc Eau De Toilette Spray,61.96
Nautica,Nautica Blue Sail Eau De Toilette Spray for Men by Nautica,23.95
Salvatore Ferragamo,F By Ferragamo Black For Men By Salvatore Ferragamo Eau De Toilette Spray,62.38
Vince Camuto,Vince Camuto Eterno For Men By Vince Camuto Eau De Toilette Spray,69.95
Versace,Eros Flame Eau De Parfum Spray for Men by Gianni Versace,88.95
Cartier,Declaration Eau De Toilette Spray for Men by Cartier,83.45
Ralph Lauren,Polo Sport Eau de Toilette Spray for Men by Ralph Lauren,53.45
Perry Ellis,Reserve Eau de Toilette Spray for Men by Perry Ellis,49.45
Kenneth Cole,Black Bold Eau de Parfum Spray for Men by Kenneth Cole,39.97
Tommy Bahama,Maritime Eau de Cologne Spray for Men by Tommy Bahama,67.45
Carolina Herrera,Bad Boy Eau De Toilette Spray for Men by Carolina Herrera,102.45
Bvlgari,Aqva Marine Eau de Toilette Spray for Men by Bvlgari,70.97
Kenneth Cole,Mankind Ultimate by Kenneth Cole for Men -  Eau De Toilette Spray,62.45
Versace,Eros Eau De Parfum Spray For Men By Versace,98.95
Tommy Bahama,Tommy Bahama Very Cool by Tommy Bahama Eau de Cologne Spray for Men,59.95
Hugo Boss,Dark Blue Eau de Toilette Spray for Men by Hugo Boss,49.95
Calvin Klein,In2U Eau de Toilette Spray for Men by Calvin Klein,44.45
Giorgio Armani,Acqua Di Gio Profondo Eau de Parfum Spray for Men by Giorgio Armani,123.45
Tommy Bahama,Maritime Deep Blue Eau Cologne Spray for Men by Tommy Bahama,67.45
Dolce and Gabbana,K Eau de Toilette Spray for Men by Dolce and Gabbana,93.45
Azzaro,Wanted by Night Eau De Parfum Spray for Men by Loris Azzaro,55.45
Creed,Silver Mountain Water For Women And Men By Creed Eau De Parfum Spray,379.95
Givenchy,Pour Homme Blue Label Eau de Toilette Spray for Men by Givenchy,98.95
Prada,Luna Rossa Carbon Eau de Toilette Spray for Men by Prada,102.95
Tommy Bahama,St Kitts by Tommy Bahama for Men -  Eau De Cologne Spray,59.95
Lomani,Private Collection White Fusion Eau De Parfum Spray for Men by Lomani,99.95
Jimmy Choo,Man Blue Eau de Toilette Spray for Men by Jimmy Choo,51.95
Tom Ford,Grey Vetiver For Men By Tom Ford Eau De Parfum Spray,166.45
Hermes,Terre D'Hermes Eau de Toilette Spray for Men by Hermes,102.95
Dolce and Gabbana,K Cologne For Men,122.95
Michael Malul,Citizen Jack Absolute Eau De Parfum Spray For Men By Michael Malul,104.95
Tommy Bahama,Tommy Bahama by Tommy Bahama for Men Eau De Cologne SPRAY,69.95
Coach,Coach Platinum Eau de Parfum Spray for Men by Coach,74.95
Moschino,Toy Boy Eau de Parfum Spray for Men by Moschino,54.95
Salvatore Ferragamo,Acqua Essenziale Blu For Men By Salvatore Ferragamo Eau De Toilette Spray,49.45
Christian Dior,Sauvage Parfum Spray for Men by Christian Dior,190.45
Diesel,Fuel For Life Eau de Toilette Spray for Men by Diesel,57.45
Paco Rabanne,Paco Rabbane 1 Million Parfum For Men,123.45
Liz Claiborne,Curve Black Cologne Spray for Men by Claiborne,34.45
Diesel,Only The Brave Eau de Toilette Spray for Men by Diesel,55.39
Liz Claiborne,Curve Crush Cologne Spray for Men by Claiborne,33.99
Victorinox,Swiss Army Eau de Toilette Spray for Men by Victorinox,23.99
Coach,New York Blue Eau de Toilette Spray for Men by Coach,68.95
Mont Blanc,Explorer Eau de Parfum Spray for Men by Mont Blanc,92.95
Paco Rabanne,Phantom Eau De Toilette Spray For Men By Paco Rabanne,100.45
Liz Claiborne,Lucky You Cologne Spray for Men by Claiborne,33.95
Dolce and Gabbana,Light Blue Eau Intense Eau de Parfum Spray for Men by D&G,99.45
Prada,Luna Rossa Ocean Cologne For Men,104.45
Carolina Herrera,212 Vip Black Eau de Parfum Spray for Men by Carolina Herrera,91.95
Carolina Herrera,212 Sexy Men Eau de Toilette Spray for Men by Carolina Herrera,84.45
Ralph Lauren,Polo Red Rush by Ralph Lauren for Men -  Eau De Toilette Spray,67.45
Givenchy,Pour Homme Eau de Toilette Spray for Men by Givenchy,77.47
Kenneth Cole,RSVP by Kenneth Cole for Men -  Eau De Toilette Spray,54.95
Gucci,Guilty Pour Homme Eau De Parfum Spray for Men by Gucci,162.95
Michael Malul,Jet Black Reserve Eau de Parfum Spray for Men by Michael Malul,104.95
Kenneth Cole,Mankind Legacy Eau de Toilette Spray for Men by Kenneth Cole,49.97
Paul Sebastian,Paul Sebastian After Shave for Men by Paul Sebastian,24.99
Christian Audigier,Ed Hardy Love & Luck Eau de Toilette Spray for Men by Christian Audigier,39.95
Paco Rabanne,Invictus Victory Eau de Parfum Extreme Spray for Men by Paco Rabanne,123.45
Jimmy Choo,Urban Hero Eau de Parfum Spray for Men by Jimmy Choo,52.45
Mont Blanc,Emblem Eau de Toilette Spray for Men by Mont Blanc,61.45
Jovan,Jovan White Musk by Jovan for Men - EDC Spray,12.95
Yves Saint Laurent,MYSLF Cologne for Men,116.95
Versace,Eros Cologne For Men,134.45
Carolina Herrera,Bad Boy Le Parfum Eau de Parfum Spray for Men by Carolina Herrera,119.95
Prada,L'Homme Eau de Toilette Spray for Men by Prada,89.95
Adidas,Ice Dive Eau de Toilette Spray for Men by Adidas,12.95
Bvlgari,Man in Black Eau de Parfum Spray for Men by Bvlgari,96.95
Ralph Lauren,Polo Red Eau De Parfum Spray for Men by Ralph Lauren,94.45
Michael Malul,Amber + Smoke Eau de Parfum Spray for Men by Michael Malul,109.95
Axton Girard,Elegant Leather Eau de Parfum Spray for Men by Axton Girard,99.95
Armaf,Club de Nuit Intense Eau de Toilette Spray for Men,79.95
Mont Blanc,Explorer Ultra Blue Eau de Parfum Spray for Men by Mont Banc,80.95
Banana Republic,Icon Collection Tobacco and Tonka Bean Eau de Parfum Spray for Men by Banana Republic,89.95
Ajmal,IV Eau De Parfum Spray for Men by Ajmal,99.95
Paco Rabanne,Invictus Platinum Cologne For Men,123.45
Giorgio Armani,Armani Code Cologne For Men,135.95
Gucci,Guilty Absolute Eau de Parfum Spray for Men by Gucci,152.95
Giorgio Armani,Acqua Di Gio Eau De Parfum Spray for Men by Giorgio Armani,121.45
Mont Blanc,Explorer Platinum Eau De Parfum Spray for Men by Mont Banc,80.95
Carolina Herrera,Bad Boy Extreme Cologne For Men,119.95
Dylan Jeffries,Blaze Eau De Parfum Spray for Men by Dylan Jeffries,99.95
Daniel Josier,Joterc Tropical Mirage Eau de Parfum Spray for Women and Men by Daniel Josier,99.95
Camille Rochelle,Tierra De Fuego Eau De Parfum Spray for Men by Camille Rochelle,99.95
Invicta,Kraken Eau De Toilette Spray for Men by Invicta,71.95
Yves Saint Laurent,Y Intense Eau de Parfum Spray for Men by Yves Saint Laurent,121.45
Lacoste,L.12.12 Blanc Intense Eau De Toilette Spray For Men By Lacoste,66.95
Caviar Elixir,Ombre Vert Reserve Cologne for Men,99.95
Caviar Elixir,Ombre Bleu Reserve Cologne for Men,99.95
Bvlgari,Man Terrae Essence Eau de Parfum Spray for Men by Bvlgari,123.95
Coach,Open Road Eau de Toilette Spray for Men by Coach,68.95
Azzaro,Wanted Eau De Parfum Spray for Men by Azzaro,87.95
Michel Germain,Wheels Red Cologne For Men,72.95
Michel Germain,Wheels Black Cologne for Men,72.95
Caviar Elixir,Imperial Intense Silver Cologne for Men,112.95
Marc Ecko,Ecko Red Eau De Toilette Spray for Men by Marc Ecko,61.95
Fila,Fila Eau de Toilette Spray for Men by Fila,15.95
Givenchy,Gentlemen Only Eau de Toilette Spray for Men by Givenchy,98.95
Paco Rabanne,XS Black Eau de Toilette Spray for Men by Paco Rabanne,53.6
Tom Ford,Grey Vetiver Parfum Spray For Men By Tom Ford,247.95
Versace,Blue Jeans For Men By Gianni Versace Eau De Toilette Spray,42.95
Mercedes-Benz,Sign Your Power Eau de Parfum Intense Spray for Men by Mercedes-Benz,99.95
Issey Miyake,L'Eau Dissey Intense Eau de Toilette Spray for Men by Issey Miyake,42.45
Paco Rabanne,1 Million Royal Eau de Parfum Spray for Men by Paco Rabanne,123.45
Nautica,Nautica Voyage For Men By Nautica Eau De Toilette Spray,37.45
Kenneth Cole,Black Body Spray for Men by Kenneth Cole,9.95
Vince Camuto,Vince Camuto Body Spray for Men by Vince Camuto,9.95
Camille Rochelle,Red Desire Pour Homme Eau De Parfum Spray for Men by Camille Rochelle,99.95
Carolina Herrera,CH For Men By Carolina Herrera Eau De Toilette Spray,92.95
Paco Rabanne,Paco Rabanne 1 Million Elixir Intense Cologne For Men,131.95
Adidas,Dynamic Pulse Eau de Toilette Spray for Men by Adidas,12.95
John Varvatos,Artisan Blue Eau de Toilette Spray for Men by John Varvatos,57.95
Coach,Green Eau de Toilette Spray for Men by Coach,75.95
Giorgio Armani,Acqua Di Gio Parfum Spray for Men by Giorgio Armani,149.45
Adidas,Pure Game Eau de Toilette Spray for Men by Adidas,12.95
Christian Audigier,ED HARDY SKULLS AND ROSES BY CHRISTIAN AUDIGIER FOR MEN -  Eau De Toilette SPRAY,41.35
Paul Sebastian,Paul Sebastian Cologne for Men by Paul Sebastian,34.47
Calvin Klein,Eternity Aqua Eau de Toilette Spray for Men by Calvin Klein,68.45
Giorgio Armani,Stronger With You Cologne For Men,100.95
Karl Lagerfeld,Lagerfeld Eau de Toilette Spray for Men by Karl Lagerfeld,31.47
Michael Malul,Ocean Noir Eau De Parfum Spray For Men By Michael Malul,104.95
Mercedes-Benz,Club Black Eau de Toilette Spray for Men by Mercedes-Benz,99.95
Camille Rochelle,Platinum Pour Homme Eau De Parfum Spray for Men by Camille Rochelle,104.95
Mont Blanc,Legend Eau De Parfum Spray for Men by Mont Blanc,77.45
Paco Rabanne,Invictus Victory Elixir Cologne For Men,111.95
Fila,Fila Fresh Eau de Parfum Spray for Women by Fila,15.95
Fila,Fila Fresh Eau de Toilette Spray for Men by Fila,15.95
Kenneth Cole,Mankind Hero For Men By Kenneth Cole Eau De Toilette Spray,69.95
Vince Camuto,Homme Eau de Toilette Spray for Men by Vince Camuto,69.95
Mont Blanc,Mont Blanc Presence For Men By Mont Blanc Eau De Toilette Spray,27.97
Erox,Realm by Erox for Men,49.95
Viktor & Rolf,Spicebomb Eau de Toilette Spray for Men by Viktor & Rolf,121.95
Ralph Lauren,Polo Deep Blue by Ralph Lauren for Men -  Parfum Spray,71.45
Yves Saint Laurent,Kouros Eau de Toilette Spray for Men by Yves Saint Laurent,73.95
Jean Paul Gaultier,Gaultier Le Male Eau de Toilette Spray for Men by Jean Paul Gaultier,91.95
Lomani,Lomani Private Collection Bleu Nuit Eau de Parfum Spray for Men,109.95
Lomani,AB Spirit Millionaire Oud Collection Eau De Parfum Spray for Men by Lomani,89.95
Yves Saint Laurent,La Nuit De L'Homme Le Parfum Spray for Men by Yves Saint Laurent,114.95
Michael Malul,Jet Black Intense Eau De Parfum Spray for Men by Michael Malul,104.95
Ralph Lauren,Polo Blue Parfum Spray for Men by Ralph Lauren,99.45
Dolce and Gabbana,The One Eau de Parfum Spray for Men by Dolce and Gabbana,101.45
Hugo Boss,Hugo Energise For Men By Hugo Boss Eau De Toilette Spray,36.49
Hugo Boss,Boss Bottled Night Eau De Toilette Spray for Men by Hugo Boss,61.45
Ferrari,Ferrari Black For Men By Ferrari Eau De Toilette Spray,32.95
Fila,Fila Red Eau de Toilette Spray for Men by Fila,15.95
Calvin Klein,Defy Eau de Toilette Spray for Men by Calvin Klein,79.95
Tommy Bahama,Maritime Journey by Tommy Bahama for Men -  Eau De Cologne Spray,67.45
Versace,Dylan Blue Miniature Set for Men by Versace,24.95
Christian Dior,Sauvage Elixir Cologne For Men,204.95
Kenneth Cole,Reaction Body Spray for Men by Kenneth Cole,9.95
L'orientale,Night De Paris Fiori Eau De Parfum Spray for Men by L'orientale,149.95
Dylan Jeffries,Untamed Eau De Parfum Spray for Men by Dylan Jeffries,99.95
Creed,Millesime Imperial Eau de Parfum Spray for Men by Creed,324.95
Ajmal,III Eau De Parfum Spray for Men by Ajmal,99.95
Tom Ford,Noir Extreme Parfum Spray for Men By Tom Ford,247.95
Adidas,Victory League Eau de Toilette Spray for Men by Adidas,12.95
Michael Malul,Ktoret Black Tie 511 Eau De Parfum Spray for Men by Michael Malul,104.95
Michael Malul,Ktoret 140 Blue Eau de Parfum Spray For Men by Michael Malul,104.95
Kenneth Cole,Kenneth Cole Copper Black Eau de Toilette Spray for Men by Kenneth Cole,47.47
Daniel Josier,Joterc Blissful Charm Eau de Parfum Spray for Women and Men by Daniel Josier,99.95
Paul Sebastian,Paul Sebastian For Men By Paul Sebastian Cologne Spray,30.97
Bundle & Save,Bundle Deal For Men: Legend and Explorer Ultra Blue by Mont Blanc,119.95
Mercedes-Benz,Mercedes-Benz Man Bright Eau de Parfum Spray for Men by Mercedes-Benz,99.95
Camille Rochelle,Cognac Haze Pour Homme Eau De Parfum Spray for Men by Camille Rochelle,104.95
John Varvatos,Artisan Pure Eau de Toilette Spray for Men by John Varvatos,75.95
Cuba,CUBA ORANGE BY CUBA FOR MEN -  Eau De Toilette SPRAY,8.99
Alfred Dunhill,Custom Eau de Toilette Spray for Men by Alfred Dunhill,19.99
Salvatore Ferragamo,SALVATORE FERRAGAMO BY SALVATORE FERRAGAMO FOR MEN -  Eau De Toilette SPRAY,27.95
Cuba,Prestige Legacy Eau de Toilette Spray for Men by Cuba,7.97
Cuba,Prestige Platinum Eau de Toilette Spray for Men by Cuba,7.97
Cuba,Prestige Black Eau de Toilette Spray for Men by Cuba,7.47
Perry Ellis,360 BY PERRY ELLIS FOR MEN -  Eau De Toilette SPRAY,40.82
Hugo Boss,Hugo Just Different Eau de Toilette Spray for Men by Hugo Boss,64.45
Cuba,CUBA BLACK BY CUBA FOR MEN -  Eau De Toilette SPRAY,10.49
Animale,Animale Eau de Toilette Spray for Men by Animale,51.18
Liz Claiborne,Curve Connect Cologne Spray for Men by Claiborne,19.99
Salvatore Ferragamo,SUBTIL BY SALVATORE FERRAGAMO FOR MEN -  Eau De Toilette SPRAY,44.95
Cuba,Gold Gift Set Body Spray After Shave Eau de Toilette for Men by Cuba,15.0
Liz Claiborne,CURVE SPORT BY LIZ CLAIBORNE FOR MEN -  COLOGNE SPRAY,28.28
Cuba,CUBA BRAZIL BY CUBA FOR MEN -  Eau De Toilette SPRAY,10.49
Lalique,Lalique White Eau de Toilette Spray for Men by Lalique,33.85
Escada,ESCADA SENTIMENT BY ESCADA FOR MEN -  Eau De Toilette SPRAY,48.23
Cuba,CUBA BROWN BY CUBA FOR MEN -  Eau De Toilette SPRAY,10.49
Lalique,Pour Homme Eau de Parfum Spray for Men by Lalique,39.9
Cuba,CUBA SILVER BLUE BY CUBA FOR MEN -  Eau De Toilette SPRAY,12.99
Cuba,CUBA GREY BY CUBA FOR MEN -  Eau De Toilette SPRAY,9.99
Cuba,CUBA CITY MIAMI BY CUBA FOR MEN -  Eau De Toilette SPRAY,7.99
Cuba,CUBA BRAZIL COPACABANA BY CUBA FOR MEN -  Eau De Toilette SPRAY,10.49
French Connection UK,FCUK FRICTION BY FRENCH CONNECTION UK FOR MEN -  Eau De Toilette SPRAY,61.75
Cuba,CUBA WINNER BY CUBA FOR MEN -  Eau De Toilette SPRAY,23.0
Cuba,CUBA WILD HEART BY CUBA FOR MEN -  Eau De Toilette SPRAY,23.0
Coty,Jovan Musk Deodorant Body Spray for Men by Coty,8.99
Lalique,ENCRE NOIRE SPORT BY LALIQUE FOR MEN -  Eau De Toilette SPRAY,31.91
Bentley,BENTLEY INFINITE INTENSE BY BENTLEY FOR MEN -  Eau De Parfum SPRAY,66.5
Lalique,Lalique by Lalique for Men -  Eau de Parfum Spray,36.18
Hugo Boss,BOSS BOTTLED UNLIMITED BY HUGO BOSS FOR MEN -  Eau De Toilette SPRAY,57.49
Prada,Luna Rossa Sport Eau de Toilette Spray for Men by Prada,91.95
Bentley,BENTLEY INFINITE BY BENTLEY FOR MEN -  Eau De Toilette SPRAY,37.1
Jaguar,JAGUAR EVOLUTION BY JAGUAR FOR MEN -  Eau De Toilette SPRAY,17.63
Jaguar,JAGUAR CLASSIC GOLD BY JAGUAR FOR MEN -  Eau De Toilette SPRAY,16.7
Perry Ellis,360 COLLECTION BY PERRY ELLIS FOR MEN -  Eau De Toilette SPRAY,35.25
Police,POLICE TO BE THE KING BY POLICE FOR MEN -  Eau De Toilette SPRAY,24.12
Cuba,Blue Gold Orange Red Gift Set for Men by Cuba,14.95
Bentley,BENTLEY AZURE BY BENTLEY FOR MEN -  Eau De Toilette SPRAY,38.95
Reyane Tradition,INSURRECTION BY REYANE TRADITION FOR MEN -  Eau De Toilette SPRAY,20.4
Jesus Del Pozo,Halloween Man Rock On Eau de Toilette Spray for Men by Jesus Del Pozo,32.47
Cuba,Cuba City Hollywood by Cuba for Men -  Eau de Toilette Spray,5.95
Cuba,Cuba Prestige Classic by Cuba for Men - Eau de Toilette Spray,5.95
Cuba,Cuba Royal by Cuba for Men - 2 Pc Gift Set,12.95
Diesel,Spirit Of The Brave by Diesel for Men - Eau De Toilette Spray,49.45
Cuba,Cuba Royal by Cuba for Men - 4 Pc Gift Set,17.95
Cuba,Cuba Mexico Cactus by Cuba for Men -  Eau de Toilette Spray,5.95
Al Haramain,LAVENTURE BLANCHE BY AL HARAMAIN FOR MEN -  Eau De Parfum SPRAY,50.2
Cuba,CUBA GREEN BY CUBA FOR MEN -  Eau De Toilette SPRAY,7.99
Bentley,Absolute by Bentley for Men - Eau De Parfum Spray,32.95
Jeremy Lin,Jeremy Lin For Him by Jeremy Lin for Men -  Eau de Toilette Spray,17.95
Giorgio Beverly Hills,OCEAN DREAM BY GIORGIO BEVERLY HILLS FOR MEN -  Eau De Toilette SPRAY,40.0
Juicy Couture,Dirty English by Juicy Couture for Men - Eau de Toilette Spray,49.95
Banana Republic,Classic Red by Banana Republic for Unisex -  EDP Spray,28.95
Cuba,Cuba Black by Cuba for Men - 3 Pc Gift Set,16.95
Cuba,Cuba Royal by Cuba for Men - 3 Pc Gift Set,17.95
Jacques Bogart,CLUB 75 BY JACQUES BOGART FOR MEN -  Eau De Toilette SPRAY,22.27
Milton-Lloyd,Colour Me Silver Sport by Milton-Lloyd for Men - Eau de Parfum Spray,15.95
Trussardi,TRUSSARDI UOMO BY TRUSSARDI FOR MEN -  Eau De Toilette SPRAY,39.45
Princesse Marina de Bourbon,Monsieur Le Prince Elegant by Princesse Marina De Bourbon for Men -  Eau De Parfum Spray,41.75
Lolita Lempicka,Green Lover by Lolita Lempicka for Men -  EDT Spray,42.95
Saint Hilaire,Private Red by Saint Hilaire for Men -  Eau de Parfum Spray,22.95
Jacomo,Jacomo For Men by Jacomo for Men - EDT Spray,27.83
Ted Lapidus,LAPIDUS POUR HOMME SPORT BY TED LAPIDUS FOR MEN -  Eau De Toilette SPRAY,25.05
Cuba,Cuba Wild Heart by Cuba for Men - 3 Pc Gift Set,16.95
Al Haramain,Opulent Saffron by Al Haramain for Men - Eau De Parfum Spray,50.95
Pascal Morabito,SEA OF STARS BY PASCAL MORABITO FOR MEN -  Eau De Toilette SPRAY,31.08
Rudimental,RUDIMENTAL BLUE BY RUDIMENTAL FOR MEN -  Eau De Toilette SPRAY,13.99
Cuba,Cuba Gold by Cuba for Men - 3 Pc Gift Set,15.95
French Connection UK,FCUK BY FRENCH CONNECTION UK FOR MEN -  Eau De Toilette SPRAY,38.38
Donna Karan,DKNY BY DONNA KARAN FOR MEN -  Eau De Toilette SPRAY,48.23
Jacomo,Jacomo For Men Intense by Jacomo for Men -  EDP Spray,30.95
Trussardi,Trussardi Riflesso by Trussardi for Men - 3 Pc Gift Set,54.95
Prep,Revitalizing Express Wake Up Cream by Prep for Men - 2.5 oz Cream,11.04
Top Gun,Top Gun Chevron Gift Set for Men,32.95
Billy Jealousy,White Knight Facial Cleanser by Billy Jealousy for Men - 8 oz Cleanser,17.73
Alfred Dunhill,Driven Blue Gift Set for Men,52.95
Trussardi,Riflesso Blue Vibe by Trussardi for Men - EDT Spray,50.95
Prep,Exfoliating Face Cleanser with Panthenol by Prep for Men - 3.4 oz Cleanser,14.95
Molyneux,QUARTZ BY MOLYNEUX FOR MEN -  Eau De Toilette SPRAY,26.9
Carven,LEAU INTENSE BY CARVEN FOR MEN -  Eau De Toilette SPRAY,80.71
Trussardi,Trussardi Riflesso Gift Set for Men,49.95
Cuba,Cuba Trio 1 by Cuba for Men,26.95
Cuba,Cuba Prestige Legacy Gift Set for Men,19.95
The Baron,The Baron Cologne Spray for Men by LTL,49.99
Cuba,Cuba Trio 2 Gift Set for Men,26.95
Cuba,Prestige Eau de Toilette Spray for Men by Cuba,10.0
Calvin Klein,Euphoria For Men By Calvin Klein Eau De Toilette Spray,55.95
Guess,GUESS DARE BY GUESS FOR MEN -  Eau De Toilette SPRAY,28.5
Givenchy,Insense Ultramarine by Givenchy for Men - Eau de Toilette,54.73
Pino Silvestre,Pino Silvestre Original Eau de Toilette Spray for Men by Pino Silvestre,25.99
Perry Ellis,360 COLLECTION NOIR BY PERRY ELLIS FOR MEN -  Eau De Toilette SPRAY,57.0
Hummer,HUMMER BLACK BY HUMMER FOR MEN -  Eau De Toilette SPRAY,40.0
Milton-Lloyd,Colour Me Homme White by Milton-Lloyd for Men - EDT Spray,16.99
Davidoff,Davidoff Adventure by Zino Davidoff for Men - Eau de Toilette,28.28
Lanvin,ECLAT DARPEGE BY LANVIN FOR MEN -  Eau De Toilette SPRAY,36.18
Paris Hilton,Paris Hilton by Paris Hilton for Men - 4 Pc Gift Set,56.95
Paul Sebastian,Paul Sebastian Gift Set for Men by Paul Sebastian,35.95
Cuba,Gold Eau de Toilette Spray for Men by Cuba,8.49
Jaguar,Jaguar by Jaguar for Men -  Eau De Toilette Spray,31.95
Alfred Dunhill,Desire Blue For Men By Alfred Dunhill Eau De Toilette Spray,31.95
Michael Jordan,Jordan by Michael Jordan for Men - EDC Spray,22.99
Guess,Guess For Men By Guess Eau De Toilette Spray,19.49
Cuba,Blue Eau de Toilette Spray for Men by Cuba,8.99
Salvatore Ferragamo,F Eau De Toilette Spray By Ferragamo for Men by Salvatore Ferragamo,55.95
Cuba,Red Eau de Toilette Spray for Men by Cuba,8.99
Hugo Boss,Boss In Motion For Men By Hugo Boss Eau De Toilette Spray,44.95
Oscar De La Renta,Oscar Pour Lui by Oscar De La Renta for Men -  Eau De Toilette Spray,22.95
Guess,Guess by Marciano Eau de Toilette Spray for Men by Guess,19.99
Rochas,Rochas Man Eau de Toilette Spray for Men by Rochas,27.49
Calvin Klein,Contradiction Eau de Toilette Spray for Men by Calvin Klein,28.99
Cuba,Cuba Red by Cuba for Men -  Eau De Toilette Spray,8.95
Alfred Sung,Sung Homme Eau de Toilette Spray for Men by Alfred Sung,21.47
Liz Claiborne,Curve Chill Cologne Spray for Men by Claiborne,19.99
Jaguar,Jaguar Classic Red by Jaguar for Men - EDT Spray,19.99
Salvatore Ferragamo,F By Ferragamo Free Time For Men By Salvatore Ferragamo Eau De Toilette Spray,55.95
Hugo Boss,Hugo XY Eau de Toilette Spray for Men by Hugo Boss,39.99
Calvin Klein,Calvin Klein Man by Calvin Klein for Men -  Eau de Toilette Spray,27.97
Elizabeth Taylor,Passion by Elizabeth Taylor for Men -  EDC Spray,18.55
Christian Audigier,Ed Hardy by Christian Audigier for Men - Eau de Toilette,16.59
Guess,Guess 1981 Los Angeles by Guess for Men -  Eau de Toilette Spray,21.95
Boucheron,Boucheron Eau de Parfum Spray for Men by Boucheron,91.95
Liz Claiborne,Bora Bora by Liz Claiborne for Men - EDC Spray,19.48
Christian Audigier,Ed Hardy Hearts and Daggers by Christian Audigier for Men - Eau de Toilette,33.0
Guess,Guess Gold by Guess for Men -  Eau de Toilette Spray,22.95
Guess,Seductive Homme Blue Eau de Toilette Spray for Men by Guess,24.99
Cuba,Cuba Gold by Cuba for Men - 4 Pc Gift Set,17.95
Guess,Guess 1981 by Guess for Men -  Eau de Toilette Spray,22.95
Guess,Seductive Homme Eau de Toilette Spray for Men by Guess,45.48
Cuba,VIP by Cuba for Men - EDT Spray,7.99
Guess,Guess Seductive Homme Noir by Guess for Men -  Eau de Toilette Spray,21.95
Perry Ellis,Perry Ellis 18 by Perry Ellis for Men - Eau de Toilette,28.77
Jaguar,Ultimate Power by Jaguar for Men -  Eau de Toilette Spray,18.95
Cuba,Cuba Grey by Cuba for Men - Eau de Toilette,12.99
Jovan,Jovan Black Musk by Jovan for Men - Cologne Spray,9.99
Fred Hayman,273 by Fred Hayman for Men -  Eau De Cologne Spray,17.63
Cuba,Cuba City New York by Cuba for Men - Eau de Toilette Spray,5.95
Milton-Lloyd,Perfumers Choice Victor by Milton-Lloyd for Men -  Eau De Parfum Spray,15.2
Jacques Bogart,One Man Show by Jacques Bogart for Men - Eau de Toilette,18.99
Cuba,Royal Eau de Toilette Spray for Men by Cuba,7.5
Cuba,Cuba Shadow by Cuba for Men -  Eau de Toilette Spray,7.95
Cuba,Cuba Brazil Carnaval by Cuba for Men -  Eau de Toilette Spray,5.95
Visconti di Modrone,Acqua Di Selva Eau de Cologne Spray for Men by Visconti Di Modrone,17.63
Cuba,Cuba Green by Cuba for Men -Eau de Toilette,12.99
Cuba,Cuba Mexico Maya by Cuba for Men -  Eau de Toilette Spray,5.95
Fred Hayman,Hollywood by Fred Hayman for Men -  Eau De Toilette Spray,18.99
Moschino,UOMO MOSCHINO BY MOSCHINO FOR MEN -  Eau De Toilette SPRAY,31.08
Perry Ellis,360 Very Blue by Perry Ellis for Men - EDT Spray,31.53
Cuba,Cuba City Las Vegas by Cuba for Men - Eau de Toilette Spray,9.95
Cuba,Cuba Gold by Cuba for Men - 2 Pc Gift Set,14.95
Lomani,Best by Lomani for Men -  Eau De Toilette Spray,12.99
Cuba,Cuba Magnum Gold by Cuba for Men - Eau de Toilette Spray,11.95
Halston,Z-14 Cologne Spray for Men by Halston,57.47
Myrurgia,Yacht Man Chocolate by Myrurgia for Men - EDT Spray,9.45
Liz Claiborne,Mambo Cologne Spray for Men by Claiborne,32.99
Bentley,Bentley by Bentley for Men - EDT Spray,48.29
Diesel,DIESEL ONLY THE BRAVE STREET BY DIESEL FOR MEN -  Eau De Toilette SPRAY,64.95
Cuba,Cuba Royal by Cuba for Men - 5 Pc Gift Set,24.95
Calvin Klein,Euphoria Deodorant for Men by Calvin Klein,21.95
Yves De Sistelle,Thallium Sport by Yves De Sistelle for Men - Eau de Toilette (Limited Edition),24.99
Lomani,Lomani by Lomani for Men - Eau de Toilette,12.45
Calvin Klein,CK One Shock Eau de Toilette Spray for Men by Calvin Klein,34.47
Emanuel Ungaro,UNGARO III BY EMANUEL UNGARO FOR MEN -  Eau De Toilette SPRAY,19.99
Jaguar,Jaguar Classic Motion by Jaguar for Men - EDT Spray,19.99
Hermes,Terre DHermes Eau Intense Vetiver by Hermes for Men -  Eau de Parfum Spray,113.95
Bentley,Bentley Black Edition by Bentley for Men -  Eau de Parfum Spray,33.95
Antonio Banderas,KING OF SEDUCTION BY ANTONIO BANDERAS FOR MEN -  Eau De Toilette SPRAY,24.95
Guess,Guess 1981 Indigo by Guess for Men -  Eau de Toilette Spray,23.95
Perry Ellis,360° White Eau de Toilette Spray for Men by Perry Ellis,23.98
Tous,TOUS MAN SPORT BY TOUS FOR MEN -  Eau De Toilette SPRAY,36.65
Michael Jordan,Michael Jordan 23 by Michael Jordan for Men - Cologne Spray,19.95
Blue Bloom,Blue Bloom Homme by Blue Bloom for Men -  EDP Spray,20.95
Pino Silvestre,Pino Silvestre by Pino Silvestre for Men - 2 Pc Gift Set,19.95
Mont Blanc,Starwalker For Men By Mont Blanc Eau De Toilette Spray,40.97
Antonio Banderas,Power of Seduction by Antonio Banderas for Men -  Eau de Toilette Spray,21.95
YZY Perfume,Dis-Lui Extreme by YZY Perfume for Men -  Eau de Parfum Spray,10.95
Sean John,I Am King Eau de Toilette Spray for Men by Sean John,49.95
Al Haramain,LAventure by Al Haramain for Men -  Eau de Parfum Spray,45.95
Michael Jordan,Michael Jordan by Michael Jordan for Men - EDC Spray,22.98
Rudimental,Rudimental Silver Sports Edition by Rudimental for Men - EDT Spray,16.99
Camille Rochelle,Privee White Haze Eau De Parfum Spray for Men by Camille Rochelle,139.95
Royal Copenhagen,Royal Copenhagen Musk For Men By Royal Copenhagen Cologne,24.99
United Colors of Benetton,COLD BY UNITED COLORS OF BENETTON FOR MEN -  Eau De Toilette SPRAY,19.99
Lomani,Lomani Gift Set for Men,29.95
Camille Rochelle,Noir Pour Homme Eau de Parfum Spray for Men by Camille Rochelle,99.95
Christian Dior,Sauvage Eau De Parfum Spray for Men by Dior,160.45
Lacoste,L'Homme Eau de Toilette Spray for Men by Lacoste,68.63
Prada,Luna Rossa Black Eau de Parfum spray for Men by Prada,104.45
Lomani,Private Collection Black Storm Eau De Parfum Spray for Men by Lomani,99.95
Cuba,Cuba America by Cuba for Men - 4 Pc Gift Set,13.95
Gia Lucca,Gia Lucca Pour Homme Eau de Parfum Spray for Men,99.95
Armaf,Eternia Man Limited Edition Gift Set Eau De Parfum For Men By Armaf,89.95
L'orientale,Night De Paris Diamond Eau de Parfum Spray for Men by L'orientale,149.95
Carolina Herrera,Bad Boy Cobalt Cologne For Men,120.95
Gucci,Gucci Guilty Black For Men By Gucci Eau De Toilette Spray,99.47
Cristiano Ronaldo,CR7 Eau de Toilette Spray for Men by Cristiano Ronaldo,29.95
Jaguar,Jaguar Classic Black For Men By Jaguar Eau De Toilette Spray,31.95
Camille Rochelle,Coast Eau de Parfum Spray for Men by Camille Rochelle,104.95
Hummer,HUMMER CHROME BY HUMMER FOR MEN -  Eau De Toilette SPRAY,20.87
Guy Laroche,Drakkar Noir Intense Eau de Parfum Spray for Men by Guy Laroche,49.95
Valentino,Valentino Uomo Eau de Toilette Spray for Men by Valentino,90.95
John Varvatos,John Varvatos Eau de Toilette Spray for Men by John Varvatos,75.95
Armaf,Eternia Man Limited Edition Eau De Parfum For Men By Armaf,79.95
Ralph Lauren,Polo Green Eau de Toilette Spray for Men by Ralph Lauren,86.47
Paco Rabanne,Paco Rabanne For Men By Paco Rabanne Eau De Toilette Spray,64.6
Salvatore Ferragamo,Acqua Essenziale For Men By Salvatore Ferragamo Eau De Toilette Spray,59.95
Lacoste,Red Eau de Toilette Spray for Men by Lacoste,46.47
Jean Paul Gaultier,Le Beau Eau de Toilette Spray for Men by Jean Paul Gaultier,93.45
Jimmy Choo,JIMMY CHOO MAN ICE BY JIMMY CHOO FOR MEN -  Eau De Toilette SPRAY,56.56
Diesel,Only The Brave Tattoo Eau de Toilette Spray for Men by Diesel,71.52
Perry Ellis,PERRY ELLIS AQUA EXTREME BY PERRY ELLIS FOR MEN -  Eau De Toilette SPRAY,57.0
Carolina Herrera,212 Heroes Forever Young Eau de Toilette Spray for Men by Carolina Herrera,119.95
Armaf,Craze by Armaf for Men - Eau De Parfum Spray,26.95
Demeter,Clove by Demeter for Men - Cologne Spray,26.95
Dolce and Gabbana,K Intense Eau de Parfum for Men Spray by Dolce and Gabbana,127.95
Lalique,Encre Noire Eau de Toilette Spray for Men by Lalique,36.95
Guess,Guess Night by Guess for Men - Eau de Toilette,49.95
Banana Republic,BANANA REPUBLIC M BY BANANA REPUBLIC FOR MEN -  Eau De Toilette SPRAY,55.0
Jimmy Choo,Man Intense Eau de Toilette Spray for Men by Jimmy Choo,84.95
Al Haramain,LAVENTURE KNIGHT BY AL HARAMAIN FOR MEN -  Eau De Parfum SPRAY,47.32
Armaf,Craze Bleu by Armaf for Men -  EDP Spray,29.95
J. Del Pozo,Halloween Man X by J. Del Pozo for Men -  Eau de Toilette Spray,35.95
Michael Malul,Greystone Cologne For Men,104.95
Issey Miyake,Leau Dissey by Issey Miyake for Men - 2 Pc Gift Set,72.95
Vince Camuto,Vince Camuto Terra by Vince Camuto for Men,69.95
Royal Copenhagen,Royal Copenhagen Musk Cologne Spray for Men by Royal Copenhagen,23.99
Calvin Klein,Free Eau de Toilette Spray for Men by Calvin Klein,19.95
Davidoff,DAVIDOFF CHAMPION BY DAVIDOFF FOR MEN -  Eau De Toilette SPRAY,26.9
Aramis,Aramis Eau de Toilette Spray for Men by Aramis,62.45
Tom Ford,Ombre Leather Eau de Parfum Spray for Men by Tom Ford,166.45
Lomani,Lomani White Intense by Lomani for Men - Eau de Toilette Spray,14.95
Nautica,Nautica Voyage Sport For Men By Nautica Eau De Toilette Spray,19.99
Jean Paul Gaultier,Le Male Le Parfum Eau de Parfum Spray for Men by Jean Paul Gaultier,120.95
Bvlgari,Man Rain Essence Eau de Parfum Spray for Men by Bvlgari,109.95
Boucheron,Boucheron Eau de Toilette Spray for Men by Boucheron,69.95
Nautica,Nautica Voyage N-83 For Men By Nautica Eau De Toilette Spray,22.95
Prada,Luna Rossa Ocean For Men Eau De Parfum Spray by Prada,104.45
Loewe,SOLO LOEWE BY LOEWE FOR MEN -  Eau De Toilette SPRAY,80.95
Lacoste,Eau De Lacoste L.12.12 Noir for Men by Lacoste Eau De Toilette Spray,63.95
Perry Ellis,Perry Ellis Pure Blue by Perry Ellis for Men -  Eau de Toilette Spray,28.95
Tommy Bahama,Maritime Journey Body Spray for Men by Tommy Bahama,9.95
Jimmy Choo,Man Aqua Eau de Toilette Spray for Men by Jimmy Choo,69.45
Calvin Klein,Escape For Men By Calvin Klein Eau De Toilette Spray,65.95
Yves Saint Laurent,Y Le Parfum Spray for Men by Yves Saint Laurent,145.95
Mercedes-Benz,The Move Express Yourself Eau de Toilette Spray for Men by Mercedes-Benz,99.95
Maison Francis Kurkdjian,Baccarat Rouge 540 Eau de Parfum Spray for Women and Men by Maison Francis Kurkdjian,404.95
Bvlgari,Blv Eau de Toilette Spray for Men by Bvlgari,71.45
Fila,Fila Black by Fila for Men - Eau De Toilette Spray,18.95
Carolina Herrera,212 Men By Carolina Herrera Eau De Toilette Spray,84.95
Coty,Jovan Musk Cologne for Men by Coty,12.99
John Varvatos,John Varvatos Vintage by John Varvatos for Men - Eau de Toilette,68.45
Calvin Klein,Eternity Deodorant for Men by Calvin Klein,14.95
Mont Blanc,Legend Red Cologne For Men,77.45
Tom Ford,Oud Wood Eau de Parfum Spray for Men by Tom Ford,308.95
Ralph Lauren,Ralph's Club Eau de Parfum Spray for Men by Ralph Lauren,108.95
Geoffrey Beene,EAU DE GREY FLANNEL BY GEOFFREY BEENE FOR MEN -  Eau De Toilette SPRAY,20.9
Banana Republic,Classic Green by Banana Republic for Unisex -  EDP Spray,28.95
Giorgio Armani,Emporio Armani Diamonds Eau de Toilette Spray for Men by Giorgio Armani,57.95
Camille Rochelle,Privee Amber Noir Eau De Parfum Spray for Men by Camille Rochelle,139.95
Valentino,Born In Roma Intense Eau De Parfum,104.45
Invicta,Gladiator Eau De Toilette Spray for Men by Invicta,71.95
Milton-Lloyd,Colour Me Gold by Milton-Lloyd for Men - EDT Spray,15.97
Beverly Hills,Wings Eau de Toilette Spray for Men by Beverly Hills,19.79
Parfums de Marly,Pegasus Eau de Parfum Spray for Men by Parfums De Marly,284.95
Ralph Lauren,Polo Blue Eau de Parfum Spray for Men by Ralph Lauren,85.95
Tom Ford,Noir Extreme For Men By Tom Ford Eau De Parfum Spray,166.45
Parfums de Marly,Layton Eau de Parfum Spray for Men by Parfums De Marly,284.95
Paris Bleu,Traveller by Paris Bleu for Men - Eau de Toilette,18.55
Perry Ellis,360° Miniature Set for Men by Perry Ellis,31.95
Mont Blanc,Individuel Eau De Toilette Spray for Men by Mont Blanc,40.47
Bentley,Momentum by Bentley for Men -  Eau de Toilette Spray,27.95
Liz Claiborne,Claiborne Sport Cologne Spray for Men by Claiborne,18.55
Bvlgari,Aqva Eau de Toilette Spray for Men by Bvlgari,66.97
Halston,Halston 1-12 by Halston for Men -  Cologne Spray,14.99
Mont Blanc,Legend Night Eau de Parfum Spray for Men by Mont Blanc,84.95
Halston,HALSTON Z-14 BY HALSTON FOR MEN -  COLOGNE SPRAY,52.25
Hermes,Terre DHermes by Hermes for Men -  Pure Perfume Spray,126.45
Ur The King,Ur The King Dynasty Eau De Parfum Spray for Men,99.95
Lanvin,Oxygene by Lanvin for Men - Eau de Toilette,39.95
Ur The King,Ur The King Eau De Parfum Spray for Men,99.95
Acqua Di Parma,COLONIA CLUB BY ACQUA DI PARMA FOR MEN -  Eau De Cologne SPRAY,129.85
Paris Hilton,Just Me by Paris Hilton for Men - Eau de Toilette,49.95
Usher,Usher Eau de Toilette Spray for Men by Usher,29.99
Ur The King,Ur The King Forever Eau De Parfum Spray for Men,99.95
Paul Sebastian,Paul Sebastian After Shave Balm for Men by Paul Sebastian,19.99
Real Madrid,Real Madrid Eau de Toilette Spray for Men by Real Madrid,11.95
Perry Ellis,AMERICA BY PERRY ELLIS FOR MEN -  Eau De Toilette SPRAY,17.63
Narciso Rodriguez,Bleu Noir by Narciso Rodriguez for Men -  Eau de Parfum Spray,71.95
Alfred Dunhill,DUNHILL ICON ELITE BY ALFRED DUNHILL FOR MEN -  Eau De Parfum SPRAY,123.5
Michel Germain,Noir Eau de Parfum Spray for Men by Michel Germain,89.95
Axton Girard,Deep Brown Eau De Parfum Spray for Men by Axton Girard,99.95
Armaf,Futura La Homme Intense by Armaf for Men - Eau De Parfum Spray,24.95
Carven,Carven Pour Homme by Carven for Men - 2 Pc Gift Set,68.95
Tom Ford,Ombre Leather Parfum Spray for Men by Tom Ford,247.95
Jacques Bogart,BOGART POUR HOMME BY JACQUES BOGART FOR MEN - Eau De Toilette SPRAY,19.48
Johan B,Club Signature by Johan B for Men - Eau de Toilette Spray,20.95
Hummer,Hummer by Hummer for Men -  Eau De Toilette Spray,20.87
Hugo Boss,Hugo Reversed Eau de Toilette Spray for Men by Hugo Boss,74.99
Adidas,Get Ready Eau de Toilette Spray for Men by Adidas,12.95
Camille Rochelle,Pour Homme Eau De Parfum Spray for Men by Camille Rochelle,99.95
Perry Ellis,PERRY ELLIS AQUA BY PERRY ELLIS FOR MEN -  Eau De Toilette SPRAY,57.0
Bentley,Momentum Intense by Bentley for Men - Eau De Parfum Spray,30.95
Armaf,The Warrior by Armaf for Men -  EDT Spray,26.95
Tous,Man Eau de Toilette Spray for Men by Tous,32.95
Liz Claiborne,Curve Black by Liz Claiborne for Men - 3 Pc Gift Set,29.95
Clinique,Maximum Hydrator Activated Water-Gel Concentrate by Clinique for Men - 1.6 oz Treatment,44.95
Lolita Lempicka,Green Lover by Lolita Lempicka for Men - 3 Pc Gift Set,50.95
Tom Ford,Tom Ford Beau De Jour Eau De Parfum Spray for Men by Tom Ford,164.45
Jacques Bogart,Silver Scent Intense by Jacques Bogart for Men - EDT Spray,22.99
Tonino Lamborghini,Mitico by Tonino Lamborghini for Men -  Eau de Toilette Spray,15.95
Gucci,Guilty Elixir De Parfum Spray for Men by Gucci,177.95
Michael Malul,Terra Nova Eau De Parfum Spray For Men By Michael Malul,134.95
Armaf,Shades Wood by Armaf for Men - Eau De Toilette Spray,22.95
Exclusive Selection,Sexual Steel Eau de Toilette Spray for Men,84.95
Christian Dior,Dior Homme Intense Eau de Parfum Spray for Men by Dior,101.47
Guess,Guess Man by Guess for Men - 3 Pc Gift Set,32.95
Kanon,KANON KO BY KANON FOR MEN -  Eau De Toilette SPRAY,24.99
Marc Ecko,Ecko For Men By Marc Ecko Eau De Toilette Spray,19.99
Calvin Klein,Eternity After Shave for Men by Calvin Klein,43.33
Antonio Banderas,THE SECRET GAME BY ANTONIO BANDERAS FOR MEN -  Eau De Toilette SPRAY,35.0
Jean Paul Gaultier,Le Male Gift Set for Men,110.95
Paco Rabanne,Phantom Legion Eau De Toilette Spray for Men by Paco Rabanne,84.95
Trussardi,Trussardi Uomo Gift Set for Men,24.95
Davidoff,Cool Water Gift Set for Men by Davidoff,60.95
Cuba,Cuba Black by Cuba for Men - 4 Pc Gift Set,17.95
Remy Latour,CIGAR BLACK WOOD BY REMY LATOUR FOR MEN -  Eau De Toilette SPRAY,18.99
Calvin Klein,Obsession After Shave for Men by Calvin Klein,47.95
Tonino Lamborghini,Sportivo by Tonino Lamborghini for Men -  EDT Spray,16.95
Versace,Versace Eau Fraiche by Versace for Men - 3 Pc Gift Set,57.95
Saint Hilaire,Private Black by Saint Hilaire for Men -  Eau de Parfum Spray,22.95
Lomani,Lomani Code by Lomani for Men -  Eau de Toilette Spray,16.95
Cuba,Must Have Gold Gift Set for Men by Cuba,24.95
Ermenegildo Zegna,ZEGNA UOMO BY ERMENEGILDO ZEGNA FOR MEN -  Eau De Toilette SPRAY,70.3
Joop!,Joop! Jump by Joop! for Men -  Eau De Toilette Spray,25.05
Estelle Ewen,LORIENTAL WHITE EDITION BY ESTELLE EWEN FOR MEN -  Eau De Toilette SPRAY,50.35
David Beckham,RESPECT BY DAVID BECKHAM FOR MEN -  Eau De Toilette SPRAY,16.95
Yves Saint Laurent,L'Homme Le Parfum Cologne for Men,125.95
Fragrance Outlet,F by Flavia Eau de Parfum Spray for Men,99.95
Cuba,Cuba Wild Heart by Cuba for Men - 5 Pc Gift Set,23.95
Azzaro,Chrome Pure Eau de Toilette Spray for Men by Azzaro,49.95
Billy Jealousy,LiquidSand Exfoliating Facial Cleanser by Billy Jealousy for Men - 8 oz Cleanser,21.95
Visconti di Modrone,Acqua Di Selva Eau de Cologne for Men by Visconti Di Modrone,26.9
Myrurgia,Yacht Man Dense by Myrurgia for Men - EDT Spray,11.99
Guy Laroche,Drakkar Noir by Guy Laroche for Men - 3 Pc Gift Set,43.95
Ajmal,V Eau De Parfum Spray for Men by Ajmal,99.95
Jacques Bogart,ONE MAN SHOW BY JACQUES BOGART FOR MEN -  Eau De Toilette SPRAY (RUBY EDITION),17.63
Davidoff,Cool Water by Davidoff for Men - 4 Pc Gift Set,60.95
Carven,Pour Homme by Carven for Men - 3 Pc Gift Set,63.95
Tonino Lamborghini,Acqua by Tonino Lamborghini for Men -  Eau de Toilette Spray,15.95
Viktor & Rolf,Spicebomb Night Vision Eau de Parfum Spray for Men by Viktor & Rolf,116.95
Glenn Perri,Unpredictable Pure by Glenn Perri for Men -  EDP Spray,25.95
Kenneth Cole,Kenneth Cole by Kenneth Cole for Men,47.47
Narciso Rodriguez,Narciso Ambree Eau De Parfum Spray for Men by Narciso Rodriguez,99.95
Mercedes-Benz,Man Eau de Toilette Spray for Men by Mercedes-Benz,68.97
Liz Claiborne,Claiborne Cologne Spray for Men by Claiborne,14.45
Jack Black,Dry Erase Ultra-Calming Face Cream by Jack Black for Men - 2.5 oz Cream,38.95
Glenn Perri,Unpredictable You by Glenn Perri for Men - EDP Spray,25.95
Royal Copenhagen,Royal Copenhagen Cologne for Men by Royal Copenhagen,22.49
Camille Rochelle,Privee Twilight Eau De Parfum Spray for Men by Camille Rochelle,139.95
Hugo Boss,HUGO ICED BY HUGO BOSS FOR MEN -  Eau De Toilette SPRAY,66.52
Jesus Del Pozo,Halloween Eau de Toilette Spray for Men by Jesus Del Pozo,42.95
Jack Black,DIY Power Peel Multi-Acid Resurfacing Pads by Jack Black for Men - 45 Count Pads,38.95
Gia Lucca,Deep Blue Cologne For Men,99.95
Camille Rochelle,Privee Pure Indigo Eau De Parfum Spray for Men by Camille Rochelle,139.95
Guess,Guess Dare Gift Set for Men,65.95
Cuba,Cuba Green by Cuba for Men - 3 Pc Gift Set,16.95
Armaf,Derby Club House Gold by Armaf for Men -  EDT Spray,26.95
Shiseido,Total Revitalizer Light Fluid by Shiseido for Men - 2.7 oz Serum,67.95
Ajmal,Aristocrat by Ajmal for Men -  Eau de Parfum Spray,33.95
Axton Girard,Brilliant Blue Eau De Parfum Spray for Men by Axton Girard,99.95
Jacques Bogart,SILVER SCENT BY JACQUES BOGART FOR MEN -  Eau De Toilette SPRAY,57.0
Perry Ellis,Perry Ellis 18 Fuego by Perry Ellis for Men -  Eau de Toilette Spray,28.95
Baxter Of California,Facial Scrub by Baxter Of California for Men - 4 oz Scrub,22.65
David Beckham,Beyond by David Beckham for Men - EDT Spray,19.99
Armaf,Shades Blue by Armaf for Men - Eau De Toilette Spray,24.95
Myrurgia,Yacht Man Blue and Yacht Man Red by Myrurgia for Men - 4 Pc Gift Set,17.95
Carven,CARVEN POUR HOMME BY CARVEN FOR MEN -  Eau De Toilette SPRAY,90.25
Ab Crew,Ab Crew Hair Minimizing Body Hydrator by Ab Crew for Men - 3 oz Treatment,20.95
